eta,momentum,lambda,error
0.3,0.9,0.09,0.0163262534374547
0.1,0.9,0.01,0.023493182483814587
0.9,0.1,0.03,0.025489046927827358
0.3,0.6,0.04,0.03321830441229656
0.5,0.3,0.01,0.03616147989213995
0.1,0.6,0.06,0.046593795251240314
0.5,0.1,0.01,0.06413394565549337
0.1,0.1,0.03,0.1110073549021171
0.7,0.3,0.08,0.1402558081150607
0.6,0.7,0.01,0.14099243947550363
