alpha,eta,hidden_nodes,mse
0.9,0.6,2,0.13650238337596562
0.4,0.8,4,0.14268389376888824
0.7,0.7,2,0.14537963678081017
0.4,0.5,3,0.150079253475181
0.9,0.5,2,0.15034628149738422
0.1,0.5,3,0.1506886854134293
0.5,0.3,2,0.16341754279285833
0.1,0.2,3,0.17458985799841453
0.5,0.2,2,0.17810960727820507
0.8,0.1,4,0.2027992313819922
