,mse,accuracy
Training set,0.13641314286765246,97.54098360655738
Test set,0.20275119104346578,93.51851851851852
