,Error,Accuracy
Training set,0.06366668812100133,93.44262295081968
Test set,0.04976925207824666,97.22222222222221
