,Error,Accuracy
Training set,0.03308823022538004,96.72131147540983
Test set,0.04295121053092873,94.49074074074073
