,mse,accuracy
Training set,0.05761551004656027,98.91304347826086
Validation set,0.2362957720041346,93.33333333333333
Test set,0.08658991486794833,97.45370370370371
