,Error,Accuracy
Training set,0.18773210462225798,95.08196721311475
Test set,0.1813847751060063,95.60185185185185
