,Error,Accuracy
Training set,0.016326472984951327,98.36065573770492
Test set,0.05934250587707859,93.51851851851852
