,Error,Accuracy
Training set,0.040154166872755144,95.90163934426229
Test set,0.038918644878443355,96.29629629629629
