,Error,Accuracy
Training set,0.13968839841849542,95.90163934426229
Test set,0.22946294498864855,93.51851851851852
