,Error,Accuracy
Training set,0.03121714132387111,96.55737704918033
Test set,0.04367579967404686,94.58333333333333
