,Error,Accuracy
Training set,0.0010089868807418969,100.0
Test set,0.0014945307053281333,100.0
