,Error,Accuracy
Training set,2.334294746957613e-06,100.0
Test set,3.808355329450031e-05,100.0
