,mse,accuracy
Training set,0.004521950130439236,100.0
Test set,0.010919926882056704,100.0
