,Error,Accuracy
Training set,0.007958664845206348,100.0
Test set,0.04009666200900693,99.12037037037037
