,mse,accuracy
Training set,0.00437550620230553,100.0
Test set,0.006913694490480359,100.0
