,Error,Accuracy
Training set,0.6682058171134129,81.45161290322581
Test set,0.7967826990711204,72.68518518518519
