,Error,Accuracy
Training set,0.905868035610546,62.096774193548384
Test set,0.9149095353209697,62.03703703703704
