eta,momentum,lambda,error
0.8,0.8,0.05,1.0222129817250718e-05
0.9,0.7,0.03,0.0001271357857652303
0.5,0.9,0.09,0.09468930183997375
0.8,0.1,0.05,0.1008068919792659
0.7,0.6,0.09,0.12204106084204598
0.8,0.1,0.02,0.12242473943629517
0.9,0.4,0.07,0.15916380489271534
0.4,0.3,0.04,0.16287278351130133
0.1,0.3,0.04,0.23863832169429966
0.3,0.2,0.06,0.24055176129038097
