,mse,accuracy
Training set,0.009922344078156108,100.0
Test set,0.0142902830072249,100.0
