,Error,Accuracy
Training set,0.010856799536680655,100.0
Test set,0.01258948623418037,100.0
