,Error,Accuracy
Training set,1.0181792190819512e-05,100.0
Test set,1.180349112835853e-05,100.0
