,Error,Accuracy
Training set,0.013922808079685925,100.0
Test set,0.01661434996409845,100.0
