,mse,accuracy
Training set,0.009860172363995237,100.0
Test set,0.012065370354894078,100.0
