,Error,Accuracy
Training set,0.0003513423510612978,100.0
Test set,0.0008709479690228628,100.0
