,Error,Accuracy
Training set,2.079582152116675,1.1446593684673527
Test set,2.556977040271207,1.2587604898448335
