,Error,Accuracy
Training set,386.351106230933,17.838039240067555
Test set,393.7251269049074,18.09416587727115
