,MSE,MEE
Training set,2.0771679964295506,1.1193729034627962
Validation set,1.8102868240284973,1.0738955435363917
