,MSE,MEE
Training set,4.529404307835095,1.8101077371202425
Validation set,4.80065383164918,1.8339066492753118
