,MSE,MEE
Training set,2.027974964785035,1.1114895682547599
Validation set,1.7561695896891265,1.022658360046604
