eta,momentum,lambda,error
0.2,0.8,0.04,0.32911844597475637
0.4,0.9,0.04,0.9938889877435136
0.5,0.4,0.07,1.478166035246337
0.5,0.5,0.08,1.685107962829267
0.9,1.0,0.1,1.9926962678653188
0.8,1.0,0.09,2.006245323018272
0.2,1.0,0.03,2.2422820956074383
0.3,0.7,0.02,2.2562812328357036
1.0,0.4,0.04,2.311208750599312
0.6,0.7,0.04,3.491822336426661
