,MSE,MEE
Training set,2.143114367306285,1.1474462479022758
Validation set,2.159232898619253,1.1459110704666282
