,mle,mse
Training set,0.1747270292868474,0.3695072871167675
Test set,0.17921068554220443,0.38060205038473915
