,mse,mee
Training set,0.33808276325812403,0.5082420327225196
Test set,0.31571124205644685,0.49808460431310364
