,mle,mse
Training set,0.17168570006685455,0.36723550707077324
Test set,0.18373177326298942,0.385014344152291
