,mse,mee
Training set,0.1766349310715347,0.3741408739774595
Test set,0.17988932636610352,0.3797904618686517
