,mse,mee
Training set,0.12440327123819302,0.313439252347365
Test set,0.14623247977759551,0.340832983455359
